圧入管理差分データ,,,,,,,,,,,,,,,,,,,,,,,
,,,,,,,,,,,,,,,,,,,,,,,
,,,,,,,,,,,,,,,,,,,,,,,
ファイル名：,PIN_****,,,*には保存順が入る,,,,,,,,,,,,,,,,,,,
ファイル形式：,バイナリデータ,,,,,,,,,,,,,,,,,,,,,,
ファイル拡張子：,bin,,,,,,,,,,,,,,,,,,,,,,
,,,,,,,,,,,,,,,,,,,,,,,
名称,BYTE,bit7,bit6,bit5,bit4,bit3,bit2,bit1,bit0,備考,,,,,,,,,,,,,
"パイラー機種名（親）
（最大10文字）",1,機種名（ASCII) （例： 'S' ）,,,,,,,,"パイラーの機種名
(例) SY64",,,0,0,,,,,,,,,
,2,機種名（ASCII) （例： 'Y' ）,,,,,,,,,,,1,1,,,,,,,,,
,3,機種名（ASCII) （例： '6' ）,,,,,,,,,,,2,2,,,,,,,,,
,4,機種名（ASCII) （例： '4' ）,,,,,,,,,,,3,3,,,,,,,,,
,5,機種名（ASCII) ,,,,,,,,,,,4,4,,,,,,,,,
,6,機種名（ASCII) ,,,,,,,,,,,5,5,,,,,,,,,
,7,機種名（ASCII) ,,,,,,,,,,,6,6,,,,,,,,,
,8,機種名（ASCII) ,,,,,,,,,,,7,7,,,,,,,,,
,9,機種名（ASCII) ,,,,,,,,,,,8,8,,,,,,,,,
,10,機種名（ASCII) ,,,,,,,,,,,9,9,,,,,,,,,
パイラー号機,11,号機（ASCII) 4桁目 （例： '0' ）,,,,,,,,"パイラーの号機
(例) 1号機",,,10,A,,,,,,,,,
,12,号機（ASCII) 3桁目 （例： '0' ）,,,,,,,,,,,11,B,,,,,,,,,
,13,号機（ASCII) 2桁目 （例： '0' ）,,,,,,,,,,,12,C,,,,,,,,,
,14,号機（ASCII) 1桁目 （例： '1' ）,,,,,,,,,,,13,D,,,,,,,,,
記録時刻,15,年（0～99）（20**）（例： 23 ）,,,,,,,,"圧入データの記録開始時刻
(例)2023年3月30日11時53分25秒",,,14,E,,,,,,,,,
,16,月（1～12）（例： 03 ）,,,,,,,,,,,15,F,,,,,,,,,
,17,日（1～31）（例： 30 ）,,,,,,,,,,,16,10,,,,,,,,,
,18,時（0～23）（例： 11 ）,,,,,,,,,,,17,11,,,,,,,,,
,19,分（0～59）（例： 53 ）,,,,,,,,,,,18,12,,,,,,,,,
,20,秒（0～59）（例： 25 ）,,,,,,,,,,0308240000000109001e0000000000000000000000002000000000000000000000000000000000000000000000000000000000020003000000000000001400010000005a000000000000009000290503630101010063006302020000000001080100000000000000000000000000000000000000000a001e0000000000000000,19,13,,,,,,,,,
パイラーフラグ,21,0,0,"マスト旋回
ロック
安全","チャック回転
ロック
安全","ケーシングロック
安全","ケーシング
安全","チャック
安全","クランプ
安全",パイラー状態フラグ,0,03,20,14,,,,,,,,,
,22,"鋼管
回転圧入","鋼管
オーガ併用","鋼管
ジェット併用","鋼管
単独",0,"鋼矢板
オーガ併用","鋼矢板
ジェット併用","鋼矢板
単独",,1,08,21,15,,,,,,,,,
,23,0,0,0,エラー表示,引抜自動,圧入自動,設定中,ITボタン,,2,24,22,16,,,,,,,,,
,24,ケーシング下,ケーシング上,チャック逆転,チャック正転,オーガ逆転,オーガ正転,チャック下,チャック上,,3,00,23,17,,,,,,,,,
,25,0,0,0,0,0,0,オーガ下,オーガ上,,4,00,24,18,,,,,,,,,
,26,表示モード（0：グラフ　1：現在値　2：設定値）,,,,,,,,,5,00,25,19,,,,,,,,,
,27,運転モード（0：手動　1：圧入自動　2：引抜自動）,,,,,,,,,6,01,26,1A,,,,,,,,,
インプラントNAVI制御,28,0,0,0,打下装置有,プリズム計測,下部計測,上部計測,計測指定,インプラントNAVI制御フラグ,7,09,27,1B,,,,,,,,,
,29,0,0,0,0,0,0,0,0,,8,00,28,1C,,,,,,,,,
,30,１BYTE,,,,,,,,インプラントNAVI制御ID,9,1e,29,1D,,,,,,,,,
パイラーエラー,31,ERR 8,ERR 7,ERR 6,ERR 5,ERR 4,ERR 3,ERR 2,ERR 1,パイラーエラー情報,10,00,30,1E,,,,,,,,,
,32,ERR 16,ERR 15,ERR 14,ERR 13,ERR 12,ERR 11,ERR 10,ERR 9,,11,00,31,1F,,,,,,,,,
,33,ERR 24,ERR 23,ERR 22,ERR 21,ERR 20,ERR 19,ERR 18,ERR 17,,12,00,32,20,,,,,,,,,
,34,ERR 32,ERR 31,ERR 30,ERR 29,ERR 28,ERR 27,ERR 26,ERR 25,,13,00,33,21,,,,,,,,,
,35,ERR 40,ERR 39,ERR 38,ERR 37,ERR 36,ERR 35,ERR 34,ERR 33,,14,00,34,22,,,,,,,,,
,36,ERR 48,ERR 47,ERR 46,ERR 45,ERR 44,ERR 43,ERR 42,ERR 41,,15,00,35,23,,,,,,,,,
,37,ERR 56,ERR 55,ERR 54,ERR 53,ERR 52,ERR 51,ERR 50,ERR 49,,16,00,36,24,,,,,,,,,
,38,ERR 64,ERR 63,ERR 62,ERR 61,ERR 60,ERR 59,ERR 58,ERR 57,,17,00,37,25,,,,,,,,,
ユニットエラー,39,ERR 8,ERR 7,ERR 6,ERR 5,ERR 4,ERR 3,ERR 2,ERR 1,ユニットエラー情報,18,00,38,26,,,,,,,,,
,40,ERR 16,ERR 15,ERR 14,ERR 13,ERR 12,ERR 11,ERR 10,ERR 9,,19,00,39,27,,,,,,,,,
,41,ERR 24,ERR 23,ERR 22,ERR 21,ERR 20,ERR 19,ERR 18,ERR 17,,20,00,40,28,,,,,,,,,
,42,ERR 32,ERR 31,ERR 30,ERR 29,ERR 28,ERR 27,ERR 26,ERR 25,,21,00,41,29,,,,,,,,,
,43,ERR 40,ERR 39,ERR 38,ERR 37,ERR 36,ERR 35,ERR 34,ERR 33,,22,20,42,2A,,,,,,,,,
,44,ERR 48,ERR 47,ERR 46,ERR 45,ERR 44,ERR 43,ERR 42,ERR 41,,23,00,43,2B,,,,,,,,,
,45,ERR 56,ERR 55,ERR 54,ERR 53,ERR 52,ERR 51,ERR 50,ERR 49,,24,00,44,2C,,,,,,,,,
,46,ERR 64,ERR 63,ERR 62,ERR 61,ERR 60,ERR 59,ERR 58,ERR 57,,25,00,45,2D,,,,,,,,,
荷重,47,上位 8bit,,,,,,,,圧入力/引抜力　（単位：x10kN）,26,00,46,2E,,,,,,,,,
,48,下位 8bit,,,,,,,,,27,00,47,2F,,,,,,,,,
オーガトルク,49,上位 8bit,,,,,,,,オーガ回転トルク　（単位：kN･m）,28,00,48,30,,,,,,,,,
,50,下位 8bit,,,,,,,,,29,00,49,31,,,,,,,,,
チャックトルク,51,上位 8bit,,,,,,,,チャック回転トルク　（単位：kN･m）,30,00,50,32,,,,,,,,,
,52,下位 8bit,,,,,,,,,31,00,51,33,,,,,,,,,
オーガ推力,53,上位 8bit,,,,,,,,オーガ上下推力　（単位：x10kN）,32,00,52,34,,,,,,,,,
,54,下位 8bit,,,,,,,,,33,00,53,35,,,,,,,,,
ケーシング推力,55,上位 8bit,,,,,,,,ケーシングチャック上下推力　（単位：x10kN）,34,00,54,36,,,,,,,,,
,56,下位 8bit,,,,,,,,,35,00,55,37,,,,,,,,,
オーガストローク,57,上位 8bit,,,,,,,,オーガ上下ストローク　（単位：mm）,36,00,56,38,,,,,,,,,
,58,下位 8bit,,,,,,,,,37,00,57,39,,,,,,,,,
ケーシングストローク,59,上位 8bit,,,,,,,,ケーシングチャック上下ストローク　（単位：mm）,38,00,58,3A,,,,,,,,,
,60,下位 8bit,,,,,,,,,39,00,59,3B,,,,,,,,,
チャック上下スピード,61,上位 8bit,,,,,,,,チャック上下速度　（単位：1/10 m/min）,40,00,60,3C,,,,,,,,,
,62,下位 8bit,,,,,,,,,41,00,61,3D,,,,,,,,,
オーガ上下スピード,63,上位 8bit,,,,,,,,オーガ上下速度　（単位：1/10 m/min）,42,00,62,3E,,,,,,,,,
,64,下位 8bit,,,,,,,,,43,00,63,3F,,,,,,,,,
ケーシング上下スピード,65,上位 8bit,,,,,,,,ケーシングチャック上下速度　（単位：1/10 m/min）,44,00,64,40,,,,,,,,,
,66,下位 8bit,,,,,,,,,45,00,65,41,,,,,,,,,
オーガ回転スピード,67,上位 8bit,,,,,,,,オーガ回転スピード　（単位：1/10min-1）,46,00,66,42,,,,,,,,,
,68,下位 8bit,,,,,,,,,47,00,67,43,,,,,,,,,
チャック回転スピード,69,上位 8bit,,,,,,,,チャック回転スピード　（単位：1/10min-1）,48,00,68,44,,,,,,,,,
,70,下位 8bit,,,,,,,,,49,00,69,45,,,,,,,,,
パイラー傾斜X,71,符号(-),上位 7bit,,,,,,,パイラー前後傾斜　（単位：1/10度）,50,00,70,46,,,,,,,,,
,72,下位 8bit,,,,,,,,,51,02,71,47,,,,,,,,,
パイラー傾斜Y,73,符号(-),上位 7bit,,,,,,,パイラー左右傾斜　（単位：1/10度）,52,00,72,48,,,,,,,,,
,74,下位 8bit,,,,,,,,,53,03,73,49,,,,,,,,,
杭傾斜X,75,符号(-),上位 7bit,,,,,,,杭前後傾斜　（単位：1/10度）,54,00,74,4A,,,,,,,,,
,76,下位 8bit,,,,,,,,,55,00,75,4B,,,,,,,,,
杭傾斜Y,77,符号(-),上位 7bit,,,,,,,杭左右傾斜　（単位：1/10度）,56,00,76,4C,,,,,,,,,
,78,下位 8bit,,,,,,,,,57,00,77,4D,,,,,,,,,
馬力,79,上位 8bit,,,,,,,,パワーユニットエンジン出力馬力　（単位：PS）,58,00,78,4E,,,,,,,,,
,80,下位 8bit,,,,,,,,,59,00,79,4F,,,,,,,,,
圧入力設定,81,上位 8bit,,,,,,,,設定圧入力　（単位x10kN）,60,00,80,50,,,,,,,,,
,82,下位 8bit,,,,,,,,,61,14,81,51,,,,,,,,,
圧入ストローク設定,83,上位 8bit,,,,,,,,設定圧入ストローク　（単位：mm）,62,00,82,52,,,,,,,,,
,84,下位 8bit,,,,,,,,,63,01,83,53,,,,,,,,,
引抜ストローク設定,85,上位 8bit,,,,,,,,設定引抜ストローク　（単位：mm）,64,00,84,54,,,,,,,,,
,86,下位 8bit,,,,,,,,,65,00,85,55,,,,,,,,,
正転トルク設定,87,上位 8bit,,,,,,,,設定値　オーガ/チャック正転トルク　（単位：kN･m）,66,00,86,56,,,,,,,,,
,88,下位 8bit,,,,,,,,,67,5a,87,57,,,,,,,,,
逆転トルク設定,89,上位 8bit,,,,,,,,設定値　オーガ/チャック逆転トルク　（単位：kN･m）,68,00,88,58,,,,,,,,,
,90,下位 8bit,,,,,,,,,69,00,89,59,,,,,,,,,
オーガ正転スピード設定,91,上位 8bit,,,,,,,,設定値　オーガ正転スピード　（単位：1/10 min-1）,70,00,90,5A,,,,,,,,,
,92,下位 8bit,,,,,,,,,71,00,91,5B,,,,,,,,,
オーガ逆転スピード設定,93,上位 8bit,,,,,,,,設定値　オーガ逆転スピード　（単位：1/10 min-1）,72,00,92,5C,,,,,,,,,
,94,下位 8bit,,,,,,,,,73,00,93,5D,,,,,,,,,
チャック正転スピード設定,95,上位 8bit,,,,,,,,設定値　チャック正転スピード　（単位：1/10 min-1）,74,00,94,5E,,,,,,,,,
,96,下位 8bit,,,,,,,,,75,90,95,5F,,,,,,,,,
チャック逆転スピード設定,97,上位 8bit,,,,,,,,設定値　チャック逆転スピード　（単位：1/10 min-1）,76,00,96,60,,,,,,,,,
,98,下位 8bit,,,,,,,,,77,29,97,61,,,,,,,,,
チャック上スピード設定,99,１BYTE,,,,,,,,設定値　チャック上スピード段階,78,05,98,62,,,,,,,,,
チャック下スピード設定,100,１BYTE,,,,,,,,設定値　チャック下スピード段階,79,03,99,63,,,,,,,,,
オーガ上スピード設定,101,１BYTE,,,,,,,,設定値　オーガ上スピード段階,80,63,100,64,,,,,,,,,
オーガ下スピード設定,102,１BYTE,,,,,,,,設定値　オーガ下スピード段階,81,01,101,65,,,,,,,,,
ケーシング上スピード設定,103,１BYTE,,,,,,,,設定値　ケーシングチャック上スピード段階,82,01,102,66,,,,,,,,,
ケーシング下スピード設定,104,１BYTE,,,,,,,,設定値　ケーシングチャック下スピード段階,83,01,103,67,,,,,,,,,
パイラー前後傾斜設定,105,符号(-),上位 7bit,,,,,,,設定値　パイラー前後傾斜　（単位：1/10度）,84,00,104,68,,,,,,,,,
,106,下位 8bit,,,,,,,,,85,63,105,69,,,,,,,,,
パイラー左右傾斜設定,107,符号(-),上位 7bit,,,,,,,設定値　パイラー左右傾斜　（単位：1/10度）,86,00,106,6A,4ce,,,,,,,,
,108,下位 8bit,,,,,,,,,87,63,107,6B,1230,,,,,,,,
チャック掴み力設定,109,１BYTE,,,,,,,,設定値　チャック掴み力段階,88,02,108,6C,1180,,,,,,,,
クランプ掴み力設定,110,１BYTE,,,,,,,,設定値　クランプ掴み力段階,89,02,109,6D,9.21875,,,,,,,,
水量,111,上位 8bit,,,,,,,,吐出水量　（単位：L/min）,90,00,110,6E,,,,,,,,,
,112,下位 8bit,,,,,,,,,91,00,111,6F,,,,,,,,,
水圧,113,上位 8bit,,,,,,,,吐出水圧　（単位：1/10 MPa）,92,00,112,70,,,,,,,,,
,114,下位 8bit,,,,,,,,,93,00,113,71,,,,,,,,,
手動モード,115,１BYTE,,,,,,,,手動モード番号,94,01,114,72,,,,,,,,,
圧入自動モード,116,１BYTE,,,,,,,,圧入自動モード番号,95,08,115,73,,,,,,,,,
引抜自動モード,117,１BYTE,,,,,,,,引抜自動モード番号,96,01,116,74,4CD1,26A4,,,,,,,
経過時間,118,上位 8bit,,,,,,,,経過時間　（単位：x100ms）,97,00,117,75,19665,9892,,,,,,,
,119,中位 8bit,,,,,,,,,98,00,118,76,,,,,,,,,
,120,下位 8bit,,,,,,,,,99,00,119,77,,,,,,,,,
貫入深度,121,符号(-),上位 7bit,,,,,,,貫入深度　（単位：mm）,100,00,120,78,,,,,,,,,
,122,中位 8bit,,,,,,,,,101,00,121,79,,,,,,,,,
,123,下位 8bit,,,,,,,,,102,00,122,7A,,,,,,,,,
管内土距離,124,上位 8bit,,,,,,,,管内土距離　（単位：mm）,103,00,123,7B,,,,,,,,,
,125,中位 8bit,,,,,,,,,104,00,124,7C,,,,,,,,,
,126,下位 8bit,,,,,,,,,105,00,125,7D,,,,,,,,,
杭変位1,127,上位 8bit,,,,,,,,載荷試験杭1変位量　（単位：mm）,106,00,126,7E,,,,,,,,,
,128,下位 8bit,,,,,,,,,107,00,127,7F,,,,,,,,,
杭変位2,129,上位 8bit,,,,,,,,載荷試験杭2変位量　（単位：mm）,108,00,128,,,,,,,,,,
,130,下位 8bit,,,,,,,,,109,00,129,,,,,,,,,,
杭変位3,131,上位 8bit,,,,,,,,載荷試験杭3変位量　（単位：mm）,110,00,130,,,,,,,,,,
,132,下位 8bit,,,,,,,,,111,00,131,,,,,,,,,,
燃料消費量,133,上位 8bit,,,,,,,,トータル燃料消費量　（単位：L）,112,00,132,,,,,,,,,,
,134,中上位 8bit,,,,,,,,,113,00,133,,,,,,,,,,
,135,中下位 8bit,,,,,,,,,114,00,134,,,,,,,,,,
,136,下位 8bit,,,,,,,,,115,00,135,,,,,,,,,,
圧入力下限設定,137,上位 8bit,,,,,,,,設定値　圧入力下限　（単位：kN）,116,00,136,,,,,,,,,,
,138,下位 8bit,,,,,,,,,117,0a,137,,,,,,,,,,
正転トルク下限設定,139,上位 8bit,,,,,,,,設定値　チャック正転トルク下限　（単位：kN･m）,118,00,138,,,,,,,,,,
,140,下位 8bit,,,,,,,,,119,1e,139,,,,,,,,,,
LS個別水量,141,１BYTE,,,,,,,,LS[A] 設定水量データ　（単位：L/min）,120,00,140,,,,,,,,,,
,142,１BYTE,,,,,,,,LS[B] 設定水量データ　（単位：L/min）,121,00,141,,,,,,,,,,
,143,１BYTE,,,,,,,,LS[C] 設定水量データ　（単位：L/min）,122,00,142,,,,,,,,,,
,144,１BYTE,,,,,,,,LS[D] 設定水量データ　（単位：L/min）,123,00,143,,,,,,,,,,
,145,１BYTE,,,,,,,,LS[E] 設定水量データ　（単位：L/min）,124,00,144,,,,,,,,,,
,146,１BYTE,,,,,,,,LS[F] 設定水量データ　（単位：L/min）,125,00,145,,,,,,,,,,
予備,147,0,0,0,0,0,0,0,0,予備,126,00,146,,,,,,,,,"150,578","150,548"
,148,0,0,0,0,0,0,0,0,,127,00,147,,,,,,,,,,1176.15625
"・
・
・",,,,,,,,,,,128,,148,,,,,,,,,,
,,,,,,,,,,,129,,149,,,,,,,,,,
,,,,,,,,,,,,03,150,,,,,,,,,,
"ユニットGPS測位時刻
（時＋分＋秒）",n-30,時（ASCII) （例： '1' ）,,,,,,,,"ユニット搭載GPSの即位時刻
(例）12時34分56秒",128,,151,,,,,,,,,,
,n-29,時（ASCII) （例： '2' ）,,,,,,,,,129,,152,,,,,,,,,,
,n-28,分（ASCII) （例： '3' ）,,,,,,,,,130,,153,,,,,,,,,,
,n-27,分（ASCII) （例： '4' ）,,,,,,,,,131,,154,,,,,,,,,,
,n-26,秒（ASCII) （例： '5' ）,,,,,,,,,132,,155,,,,,,,,,,
,n-25,秒（ASCII) （例： '6' ）,,,,,,,,,133,,156,,,,,,,,,,
ユニットGPS緯度,n-24,度（ASCII) （例： '3' ）,,,,,,,,"ユニット搭載GPSの緯度情報
(例）北緯34度44.0000分",134,,157,,,,,,,,,,
,n-23,度（ASCII) （例： '4' ）,,,,,,,,,135,,158,,,,,,,,,,
,n-22,分（ASCII) （例： '4' ）,,,,,,,,,136,,159,,,,,,,,,,
,n-21,分（ASCII) （例： '4' ）,,,,,,,,,137,,160,,,,,,,,,,
,n-20,ドット '.',,,,,,,,,138,,161,,,,,,,,,,
,n-19,分（ASCII) （例： '0' ）,,,,,,,,,139,,162,,,,,,,,,,
,n-18,分（ASCII) （例： '0' ）,,,,,,,,,140,,163,,,,,,,,,,
,n-17,分（ASCII) （例： '0' ）,,,,,,,,,141,,,,,,,,,,,,
,n-16,分（ASCII) （例： '0' ）,,,,,,,,,142,,,,,,,,,,,,
,n-15, ''N'（北緯） or 'S'（南緯） （例： 'N' ）,,,,,,,,,143,,,,,,,,,,,,
ユニットGPS経度,n-14,度（ASCII) （例： '1' ）,,,,,,,,"ユニット搭載GPSの経度情報
(例）東経135度21.0000分",144,,,,,,,,,,,,
,n-13,度（ASCII) （例： '3' ）,,,,,,,,,145,,,,,,,,,,,,
,n-12,度（ASCII) （例： '5' ）,,,,,,,,,146,,,,,,,,,,,,
,n-11,分（ASCII) （例： '2' ）,,,,,,,,,147,,,,,,,,,,,,
,n-10,分（ASCII) （例： '1' ）,,,,,,,,,148,,,,,,,,,,,,
,n-9,ドット '.',,,,,,,,,149,,,,,,,,,,,,
,n-8,分（ASCII) （例： '0' ）,,,,,,,,,150,,,,,,,,,,,,
,n-7,分（ASCII) （例： '0' ）,,,,,,,,,151,,,,,,,,,,,,
,n-6,分（ASCII) （例： '0' ）,,,,,,,,,152,,,,,,,,,,,,
,n-5,分（ASCII) （例： '0' ）,,,,,,,,,153,,,,,,,,,,,,
,n-4, 'E'（東経） or 'W'（西経） （ASCII) （例： 'E' ）,,,,,,,,,154,,,,,,,,,,,,
ユニットGPS測位状態,n-3,1Byte,,,,,,,, '0'：未測位 '1'：単独測位 '2'：ディファレンシャル測位,155,,,,,,,,,,,,
ユニットGPS測位衛星数,n-2,衛星数（ASCII) 2桁目（0～1） （例： '0' ）,,,,,,,,"ユニット搭載GPSの衛星
(例）5",156,,,,,,,,,,,,
,n-1,衛星数（ASCII) 1桁目（0～9） （例： '5' ）,,,,,,,,,157,,,,,,,,,,,,
,nはデータサイズ,,,,,,,,,,,03,,,,,,,,,,,
,,部をデータの終了まで繰り返す。,,,,,,,,,,03,,,,,,,,,,,
